BEGIN;

INSERT INTO leagues (league_id, league_name, volume_label, description)
VALUES
('auto', 'Auto', 'Repairs', 'Auto repair operator standings'),
('re', 'Real estate', 'Closings', 'Real estate operator standings')
ON CONFLICT DO NOTHING;

INSERT INTO neighborhoods (neighborhood_id, league_id, zip_code, neighborhood_name)
VALUES
('auto_11237','auto','11237','Bushwick'),
('auto_11221','auto','11221','Bushwick North'),
('re_11211','re','11211','Williamsburg'),
('re_11215','re','11215','Park Slope')
ON CONFLICT DO NOTHING;

INSERT INTO operators (operator_id, operator_name, league_id, operator_type, is_verified, is_current_user)
VALUES
('auto_vega_mobile_auto','Vega Mobile Auto','auto','Mobile mechanic',true,false),
('auto_roadready_nyc','RoadReady NYC','auto','Mobile mechanic',true,false),
('auto_brooklyn_bay_garage','Brooklyn Bay Garage','auto','2-bay shop',true,false),
('auto_torres_auto_works','Torres Auto Works','auto','Independent',false,false),
('auto_five_boro_mechanics','Five Boro Mechanics','auto','Mobile mechanic',false,false),
('auto_iron_horse_mobile','Iron Horse Mobile','auto','Mobile mechanic',false,false),
('auto_apex_auto_care','Apex Auto Care','auto','Independent',false,false),
('auto_kings_county_auto','Kings County Auto','auto','2-bay shop',false,false),
('auto_your_shop','Your Shop','auto','Mobile mechanic',false,true),
('auto_maple_street_garage','Maple Street Garage','auto','Independent',false,false),
('auto_nostrand_auto','Nostrand Auto','auto','Mobile mechanic',false,false),
('auto_gowanus_motors','Gowanus Motors','auto','2-bay shop',false,false),
('auto_eastern_pkys_repair','Eastern Pkwy Repair','auto','Independent',false,false),
('auto_bedford_mobile_mech','Bedford Mobile Mech','auto','Mobile mechanic',false,false),
('auto_halsey_garage','Halsey Garage','auto','Independent',false,false),
('auto_wyckoff_auto','Wyckoff Auto','auto','2-bay shop',false,false),
('auto_halsey_brothers_auto','Halsey Brothers Auto','auto','2-bay shop',true,false),
('auto_knickerbocker_mobile','Knickerbocker Mobile','auto','Mobile mechanic',true,false),
('auto_dekalb_auto_repair','DeKalb Auto Repair','auto','Independent',false,false),
('auto_putnam_motors','Putnam Motors','auto','2-bay shop',false,false),
('auto_evergreen_mobile','Evergreen Mobile','auto','Mobile mechanic',false,false),
('auto_cooper_auto_care','Cooper Auto Care','auto','Independent',false,false),
('auto_stockholm_st_garage','Stockholm St Garage','auto','2-bay shop',false,false),
('auto_linden_mobile_mech','Linden Mobile Mech','auto','Mobile mechanic',false,false),
('auto_wilson_ave_auto','Wilson Ave Auto','auto','Independent',false,false),
('re_lena_marsh','Lena Marsh','re','Listing agent',true,false),
('re_marcus_bell','Marcus Bell','re','Buyer''s agent',true,false),
('re_priya_nandakumar','Priya Nandakumar','re','Listing agent',true,false),
('re_devon_russo','Devon Russo','re','Solo agent',false,false),
('re_aisha_okafor','Aisha Okafor','re','Buyer''s agent',false,false),
('re_tom_castellano','Tom Castellano','re','Listing agent',false,false),
('re_sofia_reyes','Sofia Reyes','re','Solo agent',false,false),
('re_your_practice','Your Practice','re','Buyer''s agent',false,true),
('re_nina_petrov','Nina Petrov','re','Listing agent',false,false),
('re_hugo_almeida','Hugo Almeida','re','Solo agent',false,false),
('re_grace_liang','Grace Liang','re','Buyer''s agent',false,false),
('re_daniel_mwangi','Daniel Mwangi','re','Listing agent',false,false),
('re_bianca_serra','Bianca Serra','re','Solo agent',false,false),
('re_owen_frost','Owen Frost','re','Buyer''s agent',false,false),
('re_claire_donnelly','Claire Donnelly','re','Listing agent',true,false),
('re_raj_mehta','Raj Mehta','re','Buyer''s agent',true,false),
('re_yusuf_demir','Yusuf Demir','re','Solo agent',false,false),
('re_hannah_vogel','Hannah Vogel','re','Listing agent',false,false),
('re_leo_bianchi','Leo Bianchi','re','Solo agent',false,false),
('re_maya_cohen','Maya Cohen','re','Buyer''s agent',false,false),
('re_andre_laurent','Andre Laurent','re','Listing agent',false,false),
('re_talia_roth','Talia Roth','re','Solo agent',false,false),
('re_sam_okonkwo','Sam Okonkwo','re','Buyer''s agent',false,false)
ON CONFLICT DO NOTHING;

INSERT INTO standings_entries (entry_id, season_id, time_window, league_id, neighborhood_id, zip_code, operator_id, rank, rep_score, rank_delta_30d, distance_miles)
VALUES
('auto_11237_01','2026-06','Last 30 days','auto','auto_11237','11237','auto_vega_mobile_auto',1,94,1,0.8),
('auto_11237_02','2026-06','Last 30 days','auto','auto_11237','11237','auto_roadready_nyc',2,91,2,1.1),
('auto_11237_03','2026-06','Last 30 days','auto','auto_11237','11237','auto_brooklyn_bay_garage',3,88,-1,1.4),
('auto_11237_04','2026-06','Last 30 days','auto','auto_11237','11237','auto_torres_auto_works',4,85,0,0.6),
('auto_11237_05','2026-06','Last 30 days','auto','auto_11237','11237','auto_five_boro_mechanics',5,82,3,2.0),
('auto_11237_06','2026-06','Last 30 days','auto','auto_11237','11237','auto_iron_horse_mobile',6,79,-2,1.7),
('auto_11237_07','2026-06','Last 30 days','auto','auto_11237','11237','auto_apex_auto_care',7,76,1,2.3),
('auto_11237_08','2026-06','Last 30 days','auto','auto_11237','11237','auto_kings_county_auto',8,73,-1,1.9),
('auto_11237_09','2026-06','Last 30 days','auto','auto_11237','11237','auto_your_shop',9,70,2,0),
('auto_11237_10','2026-06','Last 30 days','auto','auto_11237','11237','auto_maple_street_garage',10,67,0,1.2),
('auto_11237_11','2026-06','Last 30 days','auto','auto_11237','11237','auto_nostrand_auto',11,64,-3,2.6),
('auto_11237_12','2026-06','Last 30 days','auto','auto_11237','11237','auto_gowanus_motors',12,60,1,3.0),
('auto_11237_13','2026-06','Last 30 days','auto','auto_11237','11237','auto_eastern_pkys_repair',13,56,-1,2.8),
('auto_11237_14','2026-06','Last 30 days','auto','auto_11237','11237','auto_bedford_mobile_mech',14,51,2,3.4),
('auto_11237_15','2026-06','Last 30 days','auto','auto_11237','11237','auto_halsey_garage',15,46,-1,3.1),
('auto_11237_16','2026-06','Last 30 days','auto','auto_11237','11237','auto_wyckoff_auto',16,40,0,3.8),
('auto_11221_01','2026-06','Last 30 days','auto','auto_11221','11221','auto_halsey_brothers_auto',1,92,1,0.4),
('auto_11221_02','2026-06','Last 30 days','auto','auto_11221','11221','auto_knickerbocker_mobile',2,88,0,0.9),
('auto_11221_03','2026-06','Last 30 days','auto','auto_11221','11221','auto_dekalb_auto_repair',3,84,2,1.2),
('auto_11221_04','2026-06','Last 30 days','auto','auto_11221','11221','auto_your_shop',4,71,3,0),
('auto_11221_05','2026-06','Last 30 days','auto','auto_11221','11221','auto_putnam_motors',5,68,-2,1.6),
('auto_11221_06','2026-06','Last 30 days','auto','auto_11221','11221','auto_evergreen_mobile',6,62,1,2.1),
('auto_11221_07','2026-06','Last 30 days','auto','auto_11221','11221','auto_cooper_auto_care',7,57,-1,2.4),
('auto_11221_08','2026-06','Last 30 days','auto','auto_11221','11221','auto_stockholm_st_garage',8,49,0,2.9),
('auto_11221_09','2026-06','Last 30 days','auto','auto_11221','11221','auto_linden_mobile_mech',9,43,-2,3.3),
('auto_11221_10','2026-06','Last 30 days','auto','auto_11221','11221','auto_wilson_ave_auto',10,37,1,3.6),
('re_11211_01','2026-06','Last 30 days','re','re_11211','11211','re_lena_marsh',1,95,0,0),
('re_11211_02','2026-06','Last 30 days','re','re_11211','11211','re_marcus_bell',2,92,2,0),
('re_11211_03','2026-06','Last 30 days','re','re_11211','11211','re_priya_nandakumar',3,89,-1,0),
('re_11211_04','2026-06','Last 30 days','re','re_11211','11211','re_devon_russo',4,85,1,0),
('re_11211_05','2026-06','Last 30 days','re','re_11211','11211','re_aisha_okafor',5,82,3,0),
('re_11211_06','2026-06','Last 30 days','re','re_11211','11211','re_tom_castellano',6,78,-2,0),
('re_11211_07','2026-06','Last 30 days','re','re_11211','11211','re_sofia_reyes',7,75,0,0),
('re_11211_08','2026-06','Last 30 days','re','re_11211','11211','re_your_practice',8,72,2,0),
('re_11211_09','2026-06','Last 30 days','re','re_11211','11211','re_nina_petrov',9,67,-1,0),
('re_11211_10','2026-06','Last 30 days','re','re_11211','11211','re_hugo_almeida',10,63,1,0),
('re_11211_11','2026-06','Last 30 days','re','re_11211','11211','re_grace_liang',11,58,-2,0),
('re_11211_12','2026-06','Last 30 days','re','re_11211','11211','re_daniel_mwangi',12,52,1,0),
('re_11211_13','2026-06','Last 30 days','re','re_11211','11211','re_bianca_serra',13,46,0,0),
('re_11211_14','2026-06','Last 30 days','re','re_11211','11211','re_owen_frost',14,39,-1,0),
('re_11215_01','2026-06','Last 30 days','re','re_11215','11215','re_claire_donnelly',1,96,1,0),
('re_11215_02','2026-06','Last 30 days','re','re_11215','11215','re_raj_mehta',2,91,0,0),
('re_11215_03','2026-06','Last 30 days','re','re_11215','11215','re_yusuf_demir',3,86,2,0),
('re_11215_04','2026-06','Last 30 days','re','re_11215','11215','re_your_practice',4,73,3,0),
('re_11215_05','2026-06','Last 30 days','re','re_11215','11215','re_hannah_vogel',5,68,-1,0),
('re_11215_06','2026-06','Last 30 days','re','re_11215','11215','re_leo_bianchi',6,62,1,0),
('re_11215_07','2026-06','Last 30 days','re','re_11215','11215','re_maya_cohen',7,56,-2,0),
('re_11215_08','2026-06','Last 30 days','re','re_11215','11215','re_andre_laurent',8,50,0,0),
('re_11215_09','2026-06','Last 30 days','re','re_11215','11215','re_talia_roth',9,44,-1,0),
('re_11215_10','2026-06','Last 30 days','re','re_11215','11215','re_sam_okonkwo',10,38,1,0)
ON CONFLICT DO NOTHING;

INSERT INTO score_inputs (entry_id, volume_count, rating, review_count, response_minutes, on_time_percent, license_verified)
VALUES
('auto_11237_01',52,4.9,312,6,98,true),
('auto_11237_02',49,4.8,268,7,97,true),
('auto_11237_03',55,4.8,401,9,95,true),
('auto_11237_04',44,4.7,189,8,96,false),
('auto_11237_05',47,4.7,233,11,94,false),
('auto_11237_06',40,4.6,156,10,93,false),
('auto_11237_07',42,4.6,174,12,92,false),
('auto_11237_08',38,4.5,142,13,91,false),
('auto_11237_09',31,4.5,98,14,90,false),
('auto_11237_10',35,4.4,121,15,89,false),
('auto_11237_11',29,4.4,88,16,88,false),
('auto_11237_12',33,4.3,110,17,86,false),
('auto_11237_13',27,4.2,76,19,85,false),
('auto_11237_14',24,4.1,64,21,83,false),
('auto_11237_15',22,4.0,58,24,81,false),
('auto_11237_16',18,3.9,41,27,78,false),
('auto_11221_01',48,4.9,276,7,97,true),
('auto_11221_02',43,4.8,201,8,96,true),
('auto_11221_03',39,4.7,165,10,94,false),
('auto_11221_04',30,4.5,94,14,90,false),
('auto_11221_05',34,4.4,118,15,89,false),
('auto_11221_06',28,4.3,81,17,87,false),
('auto_11221_07',25,4.2,70,19,85,false),
('auto_11221_08',21,4.1,55,22,82,false),
('auto_11221_09',19,4.0,47,25,80,false),
('auto_11221_10',16,3.8,38,29,77,false),
('re_11211_01',28,4.9,142,5,97,true),
('re_11211_02',25,4.8,119,7,96,true),
('re_11211_03',30,4.8,168,8,94,true),
('re_11211_04',22,4.7,96,9,95,false),
('re_11211_05',24,4.7,111,11,93,false),
('re_11211_06',20,4.6,84,12,92,false),
('re_11211_07',21,4.6,92,13,91,false),
('re_11211_08',16,4.5,67,15,90,false),
('re_11211_09',18,4.4,73,16,88,false),
('re_11211_10',15,4.4,58,18,87,false),
('re_11211_11',17,4.3,64,19,85,false),
('re_11211_12',13,4.2,49,22,84,false),
('re_11211_13',11,4.0,42,25,81,false),
('re_11211_14',9,3.9,31,29,77,false),
('re_11215_01',31,4.9,178,5,97,true),
('re_11215_02',27,4.8,134,7,95,true),
('re_11215_03',23,4.7,101,9,94,false),
('re_11215_04',15,4.5,63,15,90,false),
('re_11215_05',19,4.4,79,16,88,false),
('re_11215_06',16,4.3,61,18,86,false),
('re_11215_07',14,4.2,52,20,85,false),
('re_11215_08',12,4.1,44,23,82,false),
('re_11215_09',10,4.0,37,26,80,false),
('re_11215_10',8,3.8,29,30,76,false)
ON CONFLICT DO NOTHING;

COMMIT;
